{
	"spearman":-0.25006328312973153,
	"pearson":-0.23583167031047328,
	"n_verses":39,
	"median_length":123,
	"median_distance":0.10066931509689248
}